num,KOHEZIJSKA / STATISTIČNA REGIJA,SPOL,LETO,MERITVE
813100,SLOVENIJA,Spol - SKUPAJ,2005,2 Delovno aktivno prebivalstvo po prebivališču - SKUPAJ
824839,SLOVENIJA,Spol - SKUPAJ,2006,2 Delovno aktivno prebivalstvo po prebivališču - SKUPAJ
853999,SLOVENIJA,Spol - SKUPAJ,2007,2 Delovno aktivno prebivalstvo po prebivališču - SKUPAJ
879257,SLOVENIJA,Spol - SKUPAJ,2008,2 Delovno aktivno prebivalstvo po prebivališču - SKUPAJ
858171,SLOVENIJA,Spol - SKUPAJ,2009,2 Delovno aktivno prebivalstvo po prebivališču - SKUPAJ
835039,SLOVENIJA,Spol - SKUPAJ,2010,2 Delovno aktivno prebivalstvo po prebivališču - SKUPAJ
823967,SLOVENIJA,Spol - SKUPAJ,2011,2 Delovno aktivno prebivalstvo po prebivališču - SKUPAJ
810001,SLOVENIJA,Spol - SKUPAJ,2012,2 Delovno aktivno prebivalstvo po prebivališču - SKUPAJ
793597,SLOVENIJA,Spol - SKUPAJ,2013,2 Delovno aktivno prebivalstvo po prebivališču - SKUPAJ
797792,SLOVENIJA,Spol - SKUPAJ,2014,2 Delovno aktivno prebivalstvo po prebivališču - SKUPAJ
804637,SLOVENIJA,Spol - SKUPAJ,2015,2 Delovno aktivno prebivalstvo po prebivališču - SKUPAJ
817209,SLOVENIJA,Spol - SKUPAJ,2016,2 Delovno aktivno prebivalstvo po prebivališču - SKUPAJ
845454,SLOVENIJA,Spol - SKUPAJ,2017,2 Delovno aktivno prebivalstvo po prebivališču - SKUPAJ
872772,SLOVENIJA,Spol - SKUPAJ,2018,2 Delovno aktivno prebivalstvo po prebivališču - SKUPAJ
894229,SLOVENIJA,Spol - SKUPAJ,2019,2 Delovno aktivno prebivalstvo po prebivališču - SKUPAJ
888918,SLOVENIJA,Spol - SKUPAJ,2020,2 Delovno aktivno prebivalstvo po prebivališču - SKUPAJ
"""..""",SLOVENIJA,Moški,2005,2 Delovno aktivno prebivalstvo po prebivališču - SKUPAJ
"""..""",SLOVENIJA,Moški,2006,2 Delovno aktivno prebivalstvo po prebivališču - SKUPAJ
"""..""",SLOVENIJA,Moški,2007,2 Delovno aktivno prebivalstvo po prebivališču - SKUPAJ
"""..""",SLOVENIJA,Moški,2008,2 Delovno aktivno prebivalstvo po prebivališču - SKUPAJ
"""..""",SLOVENIJA,Moški,2009,2 Delovno aktivno prebivalstvo po prebivališču - SKUPAJ
468229,SLOVENIJA,Moški,2010,2 Delovno aktivno prebivalstvo po prebivališču - SKUPAJ
457728,SLOVENIJA,Moški,2011,2 Delovno aktivno prebivalstvo po prebivališču - SKUPAJ
447268,SLOVENIJA,Moški,2012,2 Delovno aktivno prebivalstvo po prebivališču - SKUPAJ
435997,SLOVENIJA,Moški,2013,2 Delovno aktivno prebivalstvo po prebivališču - SKUPAJ
441486,SLOVENIJA,Moški,2014,2 Delovno aktivno prebivalstvo po prebivališču - SKUPAJ
443641,SLOVENIJA,Moški,2015,2 Delovno aktivno prebivalstvo po prebivališču - SKUPAJ
446863,SLOVENIJA,Moški,2016,2 Delovno aktivno prebivalstvo po prebivališču - SKUPAJ
463451,SLOVENIJA,Moški,2017,2 Delovno aktivno prebivalstvo po prebivališču - SKUPAJ
478148,SLOVENIJA,Moški,2018,2 Delovno aktivno prebivalstvo po prebivališču - SKUPAJ
492475,SLOVENIJA,Moški,2019,2 Delovno aktivno prebivalstvo po prebivališču - SKUPAJ
488437,SLOVENIJA,Moški,2020,2 Delovno aktivno prebivalstvo po prebivališču - SKUPAJ
"""..""",SLOVENIJA,Ženske,2005,2 Delovno aktivno prebivalstvo po prebivališču - SKUPAJ
"""..""",SLOVENIJA,Ženske,2006,2 Delovno aktivno prebivalstvo po prebivališču - SKUPAJ
"""..""",SLOVENIJA,Ženske,2007,2 Delovno aktivno prebivalstvo po prebivališču - SKUPAJ
"""..""",SLOVENIJA,Ženske,2008,2 Delovno aktivno prebivalstvo po prebivališču - SKUPAJ
"""..""",SLOVENIJA,Ženske,2009,2 Delovno aktivno prebivalstvo po prebivališču - SKUPAJ
366810,SLOVENIJA,Ženske,2010,2 Delovno aktivno prebivalstvo po prebivališču - SKUPAJ
366238,SLOVENIJA,Ženske,2011,2 Delovno aktivno prebivalstvo po prebivališču - SKUPAJ
362733,SLOVENIJA,Ženske,2012,2 Delovno aktivno prebivalstvo po prebivališču - SKUPAJ
357600,SLOVENIJA,Ženske,2013,2 Delovno aktivno prebivalstvo po prebivališču - SKUPAJ
356306,SLOVENIJA,Ženske,2014,2 Delovno aktivno prebivalstvo po prebivališču - SKUPAJ
360996,SLOVENIJA,Ženske,2015,2 Delovno aktivno prebivalstvo po prebivališču - SKUPAJ
370346,SLOVENIJA,Ženske,2016,2 Delovno aktivno prebivalstvo po prebivališču - SKUPAJ
382003,SLOVENIJA,Ženske,2017,2 Delovno aktivno prebivalstvo po prebivališču - SKUPAJ
394624,SLOVENIJA,Ženske,2018,2 Delovno aktivno prebivalstvo po prebivališču - SKUPAJ
401754,SLOVENIJA,Ženske,2019,2 Delovno aktivno prebivalstvo po prebivališču - SKUPAJ
400481,SLOVENIJA,Ženske,2020,2 Delovno aktivno prebivalstvo po prebivališču - SKUPAJ
426550,Vzhodna Slovenija,Spol - SKUPAJ,2005,2 Delovno aktivno prebivalstvo po prebivališču - SKUPAJ
432752,Vzhodna Slovenija,Spol - SKUPAJ,2006,2 Delovno aktivno prebivalstvo po prebivališču - SKUPAJ
449508,Vzhodna Slovenija,Spol - SKUPAJ,2007,2 Delovno aktivno prebivalstvo po prebivališču - SKUPAJ
462949,Vzhodna Slovenija,Spol - SKUPAJ,2008,2 Delovno aktivno prebivalstvo po prebivališču - SKUPAJ
447274,Vzhodna Slovenija,Spol - SKUPAJ,2009,2 Delovno aktivno prebivalstvo po prebivališču - SKUPAJ
431530,Vzhodna Slovenija,Spol - SKUPAJ,2010,2 Delovno aktivno prebivalstvo po prebivališču - SKUPAJ
426943,Vzhodna Slovenija,Spol - SKUPAJ,2011,2 Delovno aktivno prebivalstvo po prebivališču - SKUPAJ
418163,Vzhodna Slovenija,Spol - SKUPAJ,2012,2 Delovno aktivno prebivalstvo po prebivališču - SKUPAJ
409547,Vzhodna Slovenija,Spol - SKUPAJ,2013,2 Delovno aktivno prebivalstvo po prebivališču - SKUPAJ
410433,Vzhodna Slovenija,Spol - SKUPAJ,2014,2 Delovno aktivno prebivalstvo po prebivališču - SKUPAJ
417469,Vzhodna Slovenija,Spol - SKUPAJ,2015,2 Delovno aktivno prebivalstvo po prebivališču - SKUPAJ
420715,Vzhodna Slovenija,Spol - SKUPAJ,2016,2 Delovno aktivno prebivalstvo po prebivališču - SKUPAJ
434543,Vzhodna Slovenija,Spol - SKUPAJ,2017,2 Delovno aktivno prebivalstvo po prebivališču - SKUPAJ
447679,Vzhodna Slovenija,Spol - SKUPAJ,2018,2 Delovno aktivno prebivalstvo po prebivališču - SKUPAJ
457595,Vzhodna Slovenija,Spol - SKUPAJ,2019,2 Delovno aktivno prebivalstvo po prebivališču - SKUPAJ
454587,Vzhodna Slovenija,Spol - SKUPAJ,2020,2 Delovno aktivno prebivalstvo po prebivališču - SKUPAJ
"""..""",Vzhodna Slovenija,Moški,2005,2 Delovno aktivno prebivalstvo po prebivališču - SKUPAJ
"""..""",Vzhodna Slovenija,Moški,2006,2 Delovno aktivno prebivalstvo po prebivališču - SKUPAJ
"""..""",Vzhodna Slovenija,Moški,2007,2 Delovno aktivno prebivalstvo po prebivališču - SKUPAJ
"""..""",Vzhodna Slovenija,Moški,2008,2 Delovno aktivno prebivalstvo po prebivališču - SKUPAJ
"""..""",Vzhodna Slovenija,Moški,2009,2 Delovno aktivno prebivalstvo po prebivališču - SKUPAJ
245815,Vzhodna Slovenija,Moški,2010,2 Delovno aktivno prebivalstvo po prebivališču - SKUPAJ
241055,Vzhodna Slovenija,Moški,2011,2 Delovno aktivno prebivalstvo po prebivališču - SKUPAJ
234853,Vzhodna Slovenija,Moški,2012,2 Delovno aktivno prebivalstvo po prebivališču - SKUPAJ
229003,Vzhodna Slovenija,Moški,2013,2 Delovno aktivno prebivalstvo po prebivališču - SKUPAJ
231941,Vzhodna Slovenija,Moški,2014,2 Delovno aktivno prebivalstvo po prebivališču - SKUPAJ
234755,Vzhodna Slovenija,Moški,2015,2 Delovno aktivno prebivalstvo po prebivališču - SKUPAJ
233861,Vzhodna Slovenija,Moški,2016,2 Delovno aktivno prebivalstvo po prebivališču - SKUPAJ
242004,Vzhodna Slovenija,Moški,2017,2 Delovno aktivno prebivalstvo po prebivališču - SKUPAJ
248320,Vzhodna Slovenija,Moški,2018,2 Delovno aktivno prebivalstvo po prebivališču - SKUPAJ
255127,Vzhodna Slovenija,Moški,2019,2 Delovno aktivno prebivalstvo po prebivališču - SKUPAJ
252268,Vzhodna Slovenija,Moški,2020,2 Delovno aktivno prebivalstvo po prebivališču - SKUPAJ
"""..""",Vzhodna Slovenija,Ženske,2005,2 Delovno aktivno prebivalstvo po prebivališču - SKUPAJ
"""..""",Vzhodna Slovenija,Ženske,2006,2 Delovno aktivno prebivalstvo po prebivališču - SKUPAJ
"""..""",Vzhodna Slovenija,Ženske,2007,2 Delovno aktivno prebivalstvo po prebivališču - SKUPAJ
"""..""",Vzhodna Slovenija,Ženske,2008,2 Delovno aktivno prebivalstvo po prebivališču - SKUPAJ
"""..""",Vzhodna Slovenija,Ženske,2009,2 Delovno aktivno prebivalstvo po prebivališču - SKUPAJ
185715,Vzhodna Slovenija,Ženske,2010,2 Delovno aktivno prebivalstvo po prebivališču - SKUPAJ
185888,Vzhodna Slovenija,Ženske,2011,2 Delovno aktivno prebivalstvo po prebivališču - SKUPAJ
183310,Vzhodna Slovenija,Ženske,2012,2 Delovno aktivno prebivalstvo po prebivališču - SKUPAJ
180545,Vzhodna Slovenija,Ženske,2013,2 Delovno aktivno prebivalstvo po prebivališču - SKUPAJ
178492,Vzhodna Slovenija,Ženske,2014,2 Delovno aktivno prebivalstvo po prebivališču - SKUPAJ
182714,Vzhodna Slovenija,Ženske,2015,2 Delovno aktivno prebivalstvo po prebivališču - SKUPAJ
186854,Vzhodna Slovenija,Ženske,2016,2 Delovno aktivno prebivalstvo po prebivališču - SKUPAJ
192539,Vzhodna Slovenija,Ženske,2017,2 Delovno aktivno prebivalstvo po prebivališču - SKUPAJ
199359,Vzhodna Slovenija,Ženske,2018,2 Delovno aktivno prebivalstvo po prebivališču - SKUPAJ
202469,Vzhodna Slovenija,Ženske,2019,2 Delovno aktivno prebivalstvo po prebivališču - SKUPAJ
202319,Vzhodna Slovenija,Ženske,2020,2 Delovno aktivno prebivalstvo po prebivališču - SKUPAJ
45768,Pomurska,Spol - SKUPAJ,2005,2 Delovno aktivno prebivalstvo po prebivališču - SKUPAJ
46361,Pomurska,Spol - SKUPAJ,2006,2 Delovno aktivno prebivalstvo po prebivališču - SKUPAJ
47834,Pomurska,Spol - SKUPAJ,2007,2 Delovno aktivno prebivalstvo po prebivališču - SKUPAJ
48471,Pomurska,Spol - SKUPAJ,2008,2 Delovno aktivno prebivalstvo po prebivališču - SKUPAJ
46141,Pomurska,Spol - SKUPAJ,2009,2 Delovno aktivno prebivalstvo po prebivališču - SKUPAJ
43482,Pomurska,Spol - SKUPAJ,2010,2 Delovno aktivno prebivalstvo po prebivališču - SKUPAJ
43945,Pomurska,Spol - SKUPAJ,2011,2 Delovno aktivno prebivalstvo po prebivališču - SKUPAJ
41877,Pomurska,Spol - SKUPAJ,2012,2 Delovno aktivno prebivalstvo po prebivališču - SKUPAJ
40783,Pomurska,Spol - SKUPAJ,2013,2 Delovno aktivno prebivalstvo po prebivališču - SKUPAJ
40283,Pomurska,Spol - SKUPAJ,2014,2 Delovno aktivno prebivalstvo po prebivališču - SKUPAJ
39600,Pomurska,Spol - SKUPAJ,2015,2 Delovno aktivno prebivalstvo po prebivališču - SKUPAJ
39523,Pomurska,Spol - SKUPAJ,2016,2 Delovno aktivno prebivalstvo po prebivališču - SKUPAJ
40573,Pomurska,Spol - SKUPAJ,2017,2 Delovno aktivno prebivalstvo po prebivališču - SKUPAJ
41468,Pomurska,Spol - SKUPAJ,2018,2 Delovno aktivno prebivalstvo po prebivališču - SKUPAJ
41895,Pomurska,Spol - SKUPAJ,2019,2 Delovno aktivno prebivalstvo po prebivališču - SKUPAJ
42046,Pomurska,Spol - SKUPAJ,2020,2 Delovno aktivno prebivalstvo po prebivališču - SKUPAJ
"""..""",Pomurska,Moški,2005,2 Delovno aktivno prebivalstvo po prebivališču - SKUPAJ
"""..""",Pomurska,Moški,2006,2 Delovno aktivno prebivalstvo po prebivališču - SKUPAJ
"""..""",Pomurska,Moški,2007,2 Delovno aktivno prebivalstvo po prebivališču - SKUPAJ
"""..""",Pomurska,Moški,2008,2 Delovno aktivno prebivalstvo po prebivališču - SKUPAJ
"""..""",Pomurska,Moški,2009,2 Delovno aktivno prebivalstvo po prebivališču - SKUPAJ
25045,Pomurska,Moški,2010,2 Delovno aktivno prebivalstvo po prebivališču - SKUPAJ
25040,Pomurska,Moški,2011,2 Delovno aktivno prebivalstvo po prebivališču - SKUPAJ
23409,Pomurska,Moški,2012,2 Delovno aktivno prebivalstvo po prebivališču - SKUPAJ
22666,Pomurska,Moški,2013,2 Delovno aktivno prebivalstvo po prebivališču - SKUPAJ
22847,Pomurska,Moški,2014,2 Delovno aktivno prebivalstvo po prebivališču - SKUPAJ
22293,Pomurska,Moški,2015,2 Delovno aktivno prebivalstvo po prebivališču - SKUPAJ
21668,Pomurska,Moški,2016,2 Delovno aktivno prebivalstvo po prebivališču - SKUPAJ
22375,Pomurska,Moški,2017,2 Delovno aktivno prebivalstvo po prebivališču - SKUPAJ
22547,Pomurska,Moški,2018,2 Delovno aktivno prebivalstvo po prebivališču - SKUPAJ
22808,Pomurska,Moški,2019,2 Delovno aktivno prebivalstvo po prebivališču - SKUPAJ
22797,Pomurska,Moški,2020,2 Delovno aktivno prebivalstvo po prebivališču - SKUPAJ
"""..""",Pomurska,Ženske,2005,2 Delovno aktivno prebivalstvo po prebivališču - SKUPAJ
"""..""",Pomurska,Ženske,2006,2 Delovno aktivno prebivalstvo po prebivališču - SKUPAJ
"""..""",Pomurska,Ženske,2007,2 Delovno aktivno prebivalstvo po prebivališču - SKUPAJ
"""..""",Pomurska,Ženske,2008,2 Delovno aktivno prebivalstvo po prebivališču - SKUPAJ
"""..""",Pomurska,Ženske,2009,2 Delovno aktivno prebivalstvo po prebivališču - SKUPAJ
18437,Pomurska,Ženske,2010,2 Delovno aktivno prebivalstvo po prebivališču - SKUPAJ
18905,Pomurska,Ženske,2011,2 Delovno aktivno prebivalstvo po prebivališču - SKUPAJ
18467,Pomurska,Ženske,2012,2 Delovno aktivno prebivalstvo po prebivališču - SKUPAJ
18118,Pomurska,Ženske,2013,2 Delovno aktivno prebivalstvo po prebivališču - SKUPAJ
17436,Pomurska,Ženske,2014,2 Delovno aktivno prebivalstvo po prebivališču - SKUPAJ
17307,Pomurska,Ženske,2015,2 Delovno aktivno prebivalstvo po prebivališču - SKUPAJ
17855,Pomurska,Ženske,2016,2 Delovno aktivno prebivalstvo po prebivališču - SKUPAJ
18198,Pomurska,Ženske,2017,2 Delovno aktivno prebivalstvo po prebivališču - SKUPAJ
18921,Pomurska,Ženske,2018,2 Delovno aktivno prebivalstvo po prebivališču - SKUPAJ
19087,Pomurska,Ženske,2019,2 Delovno aktivno prebivalstvo po prebivališču - SKUPAJ
19249,Pomurska,Ženske,2020,2 Delovno aktivno prebivalstvo po prebivališču - SKUPAJ
121806,Podravska,Spol - SKUPAJ,2005,2 Delovno aktivno prebivalstvo po prebivališču - SKUPAJ
124028,Podravska,Spol - SKUPAJ,2006,2 Delovno aktivno prebivalstvo po prebivališču - SKUPAJ
129569,Podravska,Spol - SKUPAJ,2007,2 Delovno aktivno prebivalstvo po prebivališču - SKUPAJ
134087,Podravska,Spol - SKUPAJ,2008,2 Delovno aktivno prebivalstvo po prebivališču - SKUPAJ
129297,Podravska,Spol - SKUPAJ,2009,2 Delovno aktivno prebivalstvo po prebivališču - SKUPAJ
124895,Podravska,Spol - SKUPAJ,2010,2 Delovno aktivno prebivalstvo po prebivališču - SKUPAJ
122915,Podravska,Spol - SKUPAJ,2011,2 Delovno aktivno prebivalstvo po prebivališču - SKUPAJ
120135,Podravska,Spol - SKUPAJ,2012,2 Delovno aktivno prebivalstvo po prebivališču - SKUPAJ
117887,Podravska,Spol - SKUPAJ,2013,2 Delovno aktivno prebivalstvo po prebivališču - SKUPAJ
119013,Podravska,Spol - SKUPAJ,2014,2 Delovno aktivno prebivalstvo po prebivališču - SKUPAJ
119587,Podravska,Spol - SKUPAJ,2015,2 Delovno aktivno prebivalstvo po prebivališču - SKUPAJ
120013,Podravska,Spol - SKUPAJ,2016,2 Delovno aktivno prebivalstvo po prebivališču - SKUPAJ
123115,Podravska,Spol - SKUPAJ,2017,2 Delovno aktivno prebivalstvo po prebivališču - SKUPAJ
126593,Podravska,Spol - SKUPAJ,2018,2 Delovno aktivno prebivalstvo po prebivališču - SKUPAJ
129981,Podravska,Spol - SKUPAJ,2019,2 Delovno aktivno prebivalstvo po prebivališču - SKUPAJ
128923,Podravska,Spol - SKUPAJ,2020,2 Delovno aktivno prebivalstvo po prebivališču - SKUPAJ
"""..""",Podravska,Moški,2005,2 Delovno aktivno prebivalstvo po prebivališču - SKUPAJ
"""..""",Podravska,Moški,2006,2 Delovno aktivno prebivalstvo po prebivališču - SKUPAJ
"""..""",Podravska,Moški,2007,2 Delovno aktivno prebivalstvo po prebivališču - SKUPAJ
"""..""",Podravska,Moški,2008,2 Delovno aktivno prebivalstvo po prebivališču - SKUPAJ
"""..""",Podravska,Moški,2009,2 Delovno aktivno prebivalstvo po prebivališču - SKUPAJ
70517,Podravska,Moški,2010,2 Delovno aktivno prebivalstvo po prebivališču - SKUPAJ
68491,Podravska,Moški,2011,2 Delovno aktivno prebivalstvo po prebivališču - SKUPAJ
66451,Podravska,Moški,2012,2 Delovno aktivno prebivalstvo po prebivališču - SKUPAJ
64892,Podravska,Moški,2013,2 Delovno aktivno prebivalstvo po prebivališču - SKUPAJ
66278,Podravska,Moški,2014,2 Delovno aktivno prebivalstvo po prebivališču - SKUPAJ
66564,Podravska,Moški,2015,2 Delovno aktivno prebivalstvo po prebivališču - SKUPAJ
66003,Podravska,Moški,2016,2 Delovno aktivno prebivalstvo po prebivališču - SKUPAJ
67736,Podravska,Moški,2017,2 Delovno aktivno prebivalstvo po prebivališču - SKUPAJ
69236,Podravska,Moški,2018,2 Delovno aktivno prebivalstvo po prebivališču - SKUPAJ
71550,Podravska,Moški,2019,2 Delovno aktivno prebivalstvo po prebivališču - SKUPAJ
70655,Podravska,Moški,2020,2 Delovno aktivno prebivalstvo po prebivališču - SKUPAJ
"""..""",Podravska,Ženske,2005,2 Delovno aktivno prebivalstvo po prebivališču - SKUPAJ
"""..""",Podravska,Ženske,2006,2 Delovno aktivno prebivalstvo po prebivališču - SKUPAJ
"""..""",Podravska,Ženske,2007,2 Delovno aktivno prebivalstvo po prebivališču - SKUPAJ
"""..""",Podravska,Ženske,2008,2 Delovno aktivno prebivalstvo po prebivališču - SKUPAJ
"""..""",Podravska,Ženske,2009,2 Delovno aktivno prebivalstvo po prebivališču - SKUPAJ
54378,Podravska,Ženske,2010,2 Delovno aktivno prebivalstvo po prebivališču - SKUPAJ
54423,Podravska,Ženske,2011,2 Delovno aktivno prebivalstvo po prebivališču - SKUPAJ
53684,Podravska,Ženske,2012,2 Delovno aktivno prebivalstvo po prebivališču - SKUPAJ
52995,Podravska,Ženske,2013,2 Delovno aktivno prebivalstvo po prebivališču - SKUPAJ
52735,Podravska,Ženske,2014,2 Delovno aktivno prebivalstvo po prebivališču - SKUPAJ
53023,Podravska,Ženske,2015,2 Delovno aktivno prebivalstvo po prebivališču - SKUPAJ
54010,Podravska,Ženske,2016,2 Delovno aktivno prebivalstvo po prebivališču - SKUPAJ
55380,Podravska,Ženske,2017,2 Delovno aktivno prebivalstvo po prebivališču - SKUPAJ
57358,Podravska,Ženske,2018,2 Delovno aktivno prebivalstvo po prebivališču - SKUPAJ
58432,Podravska,Ženske,2019,2 Delovno aktivno prebivalstvo po prebivališču - SKUPAJ
58268,Podravska,Ženske,2020,2 Delovno aktivno prebivalstvo po prebivališču - SKUPAJ
29581,Koroška,Spol - SKUPAJ,2005,2 Delovno aktivno prebivalstvo po prebivališču - SKUPAJ
29667,Koroška,Spol - SKUPAJ,2006,2 Delovno aktivno prebivalstvo po prebivališču - SKUPAJ
30351,Koroška,Spol - SKUPAJ,2007,2 Delovno aktivno prebivalstvo po prebivališču - SKUPAJ
30887,Koroška,Spol - SKUPAJ,2008,2 Delovno aktivno prebivalstvo po prebivališču - SKUPAJ
29606,Koroška,Spol - SKUPAJ,2009,2 Delovno aktivno prebivalstvo po prebivališču - SKUPAJ
28189,Koroška,Spol - SKUPAJ,2010,2 Delovno aktivno prebivalstvo po prebivališču - SKUPAJ
28057,Koroška,Spol - SKUPAJ,2011,2 Delovno aktivno prebivalstvo po prebivališču - SKUPAJ
27978,Koroška,Spol - SKUPAJ,2012,2 Delovno aktivno prebivalstvo po prebivališču - SKUPAJ
27044,Koroška,Spol - SKUPAJ,2013,2 Delovno aktivno prebivalstvo po prebivališču - SKUPAJ
27088,Koroška,Spol - SKUPAJ,2014,2 Delovno aktivno prebivalstvo po prebivališču - SKUPAJ
27048,Koroška,Spol - SKUPAJ,2015,2 Delovno aktivno prebivalstvo po prebivališču - SKUPAJ
27014,Koroška,Spol - SKUPAJ,2016,2 Delovno aktivno prebivalstvo po prebivališču - SKUPAJ
27666,Koroška,Spol - SKUPAJ,2017,2 Delovno aktivno prebivalstvo po prebivališču - SKUPAJ
28234,Koroška,Spol - SKUPAJ,2018,2 Delovno aktivno prebivalstvo po prebivališču - SKUPAJ
28529,Koroška,Spol - SKUPAJ,2019,2 Delovno aktivno prebivalstvo po prebivališču - SKUPAJ
28627,Koroška,Spol - SKUPAJ,2020,2 Delovno aktivno prebivalstvo po prebivališču - SKUPAJ
"""..""",Koroška,Moški,2005,2 Delovno aktivno prebivalstvo po prebivališču - SKUPAJ
"""..""",Koroška,Moški,2006,2 Delovno aktivno prebivalstvo po prebivališču - SKUPAJ
"""..""",Koroška,Moški,2007,2 Delovno aktivno prebivalstvo po prebivališču - SKUPAJ
"""..""",Koroška,Moški,2008,2 Delovno aktivno prebivalstvo po prebivališču - SKUPAJ
"""..""",Koroška,Moški,2009,2 Delovno aktivno prebivalstvo po prebivališču - SKUPAJ
16023,Koroška,Moški,2010,2 Delovno aktivno prebivalstvo po prebivališču - SKUPAJ
16057,Koroška,Moški,2011,2 Delovno aktivno prebivalstvo po prebivališču - SKUPAJ
15991,Koroška,Moški,2012,2 Delovno aktivno prebivalstvo po prebivališču - SKUPAJ
15456,Koroška,Moški,2013,2 Delovno aktivno prebivalstvo po prebivališču - SKUPAJ
15487,Koroška,Moški,2014,2 Delovno aktivno prebivalstvo po prebivališču - SKUPAJ
15324,Koroška,Moški,2015,2 Delovno aktivno prebivalstvo po prebivališču - SKUPAJ
15073,Koroška,Moški,2016,2 Delovno aktivno prebivalstvo po prebivališču - SKUPAJ
15392,Koroška,Moški,2017,2 Delovno aktivno prebivalstvo po prebivališču - SKUPAJ
15618,Koroška,Moški,2018,2 Delovno aktivno prebivalstvo po prebivališču - SKUPAJ
15802,Koroška,Moški,2019,2 Delovno aktivno prebivalstvo po prebivališču - SKUPAJ
15759,Koroška,Moški,2020,2 Delovno aktivno prebivalstvo po prebivališču - SKUPAJ
"""..""",Koroška,Ženske,2005,2 Delovno aktivno prebivalstvo po prebivališču - SKUPAJ
"""..""",Koroška,Ženske,2006,2 Delovno aktivno prebivalstvo po prebivališču - SKUPAJ
"""..""",Koroška,Ženske,2007,2 Delovno aktivno prebivalstvo po prebivališču - SKUPAJ
"""..""",Koroška,Ženske,2008,2 Delovno aktivno prebivalstvo po prebivališču - SKUPAJ
"""..""",Koroška,Ženske,2009,2 Delovno aktivno prebivalstvo po prebivališču - SKUPAJ
12166,Koroška,Ženske,2010,2 Delovno aktivno prebivalstvo po prebivališču - SKUPAJ
12000,Koroška,Ženske,2011,2 Delovno aktivno prebivalstvo po prebivališču - SKUPAJ
11987,Koroška,Ženske,2012,2 Delovno aktivno prebivalstvo po prebivališču - SKUPAJ
11589,Koroška,Ženske,2013,2 Delovno aktivno prebivalstvo po prebivališču - SKUPAJ
11601,Koroška,Ženske,2014,2 Delovno aktivno prebivalstvo po prebivališču - SKUPAJ
11724,Koroška,Ženske,2015,2 Delovno aktivno prebivalstvo po prebivališču - SKUPAJ
11941,Koroška,Ženske,2016,2 Delovno aktivno prebivalstvo po prebivališču - SKUPAJ
12275,Koroška,Ženske,2017,2 Delovno aktivno prebivalstvo po prebivališču - SKUPAJ
12616,Koroška,Ženske,2018,2 Delovno aktivno prebivalstvo po prebivališču - SKUPAJ
12727,Koroška,Ženske,2019,2 Delovno aktivno prebivalstvo po prebivališču - SKUPAJ
12869,Koroška,Ženske,2020,2 Delovno aktivno prebivalstvo po prebivališču - SKUPAJ
104434,Savinjska,Spol - SKUPAJ,2005,2 Delovno aktivno prebivalstvo po prebivališču - SKUPAJ
106136,Savinjska,Spol - SKUPAJ,2006,2 Delovno aktivno prebivalstvo po prebivališču - SKUPAJ
110340,Savinjska,Spol - SKUPAJ,2007,2 Delovno aktivno prebivalstvo po prebivališču - SKUPAJ
114089,Savinjska,Spol - SKUPAJ,2008,2 Delovno aktivno prebivalstvo po prebivališču - SKUPAJ
110308,Savinjska,Spol - SKUPAJ,2009,2 Delovno aktivno prebivalstvo po prebivališču - SKUPAJ
106677,Savinjska,Spol - SKUPAJ,2010,2 Delovno aktivno prebivalstvo po prebivališču - SKUPAJ
105746,Savinjska,Spol - SKUPAJ,2011,2 Delovno aktivno prebivalstvo po prebivališču - SKUPAJ
104428,Savinjska,Spol - SKUPAJ,2012,2 Delovno aktivno prebivalstvo po prebivališču - SKUPAJ
102554,Savinjska,Spol - SKUPAJ,2013,2 Delovno aktivno prebivalstvo po prebivališču - SKUPAJ
102594,Savinjska,Spol - SKUPAJ,2014,2 Delovno aktivno prebivalstvo po prebivališču - SKUPAJ
100482,Savinjska,Spol - SKUPAJ,2015,2 Delovno aktivno prebivalstvo po prebivališču - SKUPAJ
101920,Savinjska,Spol - SKUPAJ,2016,2 Delovno aktivno prebivalstvo po prebivališču - SKUPAJ
105913,Savinjska,Spol - SKUPAJ,2017,2 Delovno aktivno prebivalstvo po prebivališču - SKUPAJ
109398,Savinjska,Spol - SKUPAJ,2018,2 Delovno aktivno prebivalstvo po prebivališču - SKUPAJ
112302,Savinjska,Spol - SKUPAJ,2019,2 Delovno aktivno prebivalstvo po prebivališču - SKUPAJ
111627,Savinjska,Spol - SKUPAJ,2020,2 Delovno aktivno prebivalstvo po prebivališču - SKUPAJ
"""..""",Savinjska,Moški,2005,2 Delovno aktivno prebivalstvo po prebivališču - SKUPAJ
"""..""",Savinjska,Moški,2006,2 Delovno aktivno prebivalstvo po prebivališču - SKUPAJ
"""..""",Savinjska,Moški,2007,2 Delovno aktivno prebivalstvo po prebivališču - SKUPAJ
"""..""",Savinjska,Moški,2008,2 Delovno aktivno prebivalstvo po prebivališču - SKUPAJ
"""..""",Savinjska,Moški,2009,2 Delovno aktivno prebivalstvo po prebivališču - SKUPAJ
60520,Savinjska,Moški,2010,2 Delovno aktivno prebivalstvo po prebivališču - SKUPAJ
59545,Savinjska,Moški,2011,2 Delovno aktivno prebivalstvo po prebivališču - SKUPAJ
58681,Savinjska,Moški,2012,2 Delovno aktivno prebivalstvo po prebivališču - SKUPAJ
57468,Savinjska,Moški,2013,2 Delovno aktivno prebivalstvo po prebivališču - SKUPAJ
58038,Savinjska,Moški,2014,2 Delovno aktivno prebivalstvo po prebivališču - SKUPAJ
56534,Savinjska,Moški,2015,2 Delovno aktivno prebivalstvo po prebivališču - SKUPAJ
56918,Savinjska,Moški,2016,2 Delovno aktivno prebivalstvo po prebivališču - SKUPAJ
59334,Savinjska,Moški,2017,2 Delovno aktivno prebivalstvo po prebivališču - SKUPAJ
61200,Savinjska,Moški,2018,2 Delovno aktivno prebivalstvo po prebivališču - SKUPAJ
63258,Savinjska,Moški,2019,2 Delovno aktivno prebivalstvo po prebivališču - SKUPAJ
62684,Savinjska,Moški,2020,2 Delovno aktivno prebivalstvo po prebivališču - SKUPAJ
"""..""",Savinjska,Ženske,2005,2 Delovno aktivno prebivalstvo po prebivališču - SKUPAJ
"""..""",Savinjska,Ženske,2006,2 Delovno aktivno prebivalstvo po prebivališču - SKUPAJ
"""..""",Savinjska,Ženske,2007,2 Delovno aktivno prebivalstvo po prebivališču - SKUPAJ
"""..""",Savinjska,Ženske,2008,2 Delovno aktivno prebivalstvo po prebivališču - SKUPAJ
"""..""",Savinjska,Ženske,2009,2 Delovno aktivno prebivalstvo po prebivališču - SKUPAJ
46157,Savinjska,Ženske,2010,2 Delovno aktivno prebivalstvo po prebivališču - SKUPAJ
46201,Savinjska,Ženske,2011,2 Delovno aktivno prebivalstvo po prebivališču - SKUPAJ
45747,Savinjska,Ženske,2012,2 Delovno aktivno prebivalstvo po prebivališču - SKUPAJ
45086,Savinjska,Ženske,2013,2 Delovno aktivno prebivalstvo po prebivališču - SKUPAJ
44556,Savinjska,Ženske,2014,2 Delovno aktivno prebivalstvo po prebivališču - SKUPAJ
43948,Savinjska,Ženske,2015,2 Delovno aktivno prebivalstvo po prebivališču - SKUPAJ
45002,Savinjska,Ženske,2016,2 Delovno aktivno prebivalstvo po prebivališču - SKUPAJ
46579,Savinjska,Ženske,2017,2 Delovno aktivno prebivalstvo po prebivališču - SKUPAJ
48198,Savinjska,Ženske,2018,2 Delovno aktivno prebivalstvo po prebivališču - SKUPAJ
49044,Savinjska,Ženske,2019,2 Delovno aktivno prebivalstvo po prebivališču - SKUPAJ
48943,Savinjska,Ženske,2020,2 Delovno aktivno prebivalstvo po prebivališču - SKUPAJ
17574,Zasavska,Spol - SKUPAJ,2005,2 Delovno aktivno prebivalstvo po prebivališču - SKUPAJ
17798,Zasavska,Spol - SKUPAJ,2006,2 Delovno aktivno prebivalstvo po prebivališču - SKUPAJ
18322,Zasavska,Spol - SKUPAJ,2007,2 Delovno aktivno prebivalstvo po prebivališču - SKUPAJ
18746,Zasavska,Spol - SKUPAJ,2008,2 Delovno aktivno prebivalstvo po prebivališču - SKUPAJ
17950,Zasavska,Spol - SKUPAJ,2009,2 Delovno aktivno prebivalstvo po prebivališču - SKUPAJ
17307,Zasavska,Spol - SKUPAJ,2010,2 Delovno aktivno prebivalstvo po prebivališču - SKUPAJ
16825,Zasavska,Spol - SKUPAJ,2011,2 Delovno aktivno prebivalstvo po prebivališču - SKUPAJ
16443,Zasavska,Spol - SKUPAJ,2012,2 Delovno aktivno prebivalstvo po prebivališču - SKUPAJ
15974,Zasavska,Spol - SKUPAJ,2013,2 Delovno aktivno prebivalstvo po prebivališču - SKUPAJ
15679,Zasavska,Spol - SKUPAJ,2014,2 Delovno aktivno prebivalstvo po prebivališču - SKUPAJ
22013,Zasavska,Spol - SKUPAJ,2015,2 Delovno aktivno prebivalstvo po prebivališču - SKUPAJ
22246,Zasavska,Spol - SKUPAJ,2016,2 Delovno aktivno prebivalstvo po prebivališču - SKUPAJ
23038,Zasavska,Spol - SKUPAJ,2017,2 Delovno aktivno prebivalstvo po prebivališču - SKUPAJ
23774,Zasavska,Spol - SKUPAJ,2018,2 Delovno aktivno prebivalstvo po prebivališču - SKUPAJ
24154,Zasavska,Spol - SKUPAJ,2019,2 Delovno aktivno prebivalstvo po prebivališču - SKUPAJ
23861,Zasavska,Spol - SKUPAJ,2020,2 Delovno aktivno prebivalstvo po prebivališču - SKUPAJ
"""..""",Zasavska,Moški,2005,2 Delovno aktivno prebivalstvo po prebivališču - SKUPAJ
"""..""",Zasavska,Moški,2006,2 Delovno aktivno prebivalstvo po prebivališču - SKUPAJ
"""..""",Zasavska,Moški,2007,2 Delovno aktivno prebivalstvo po prebivališču - SKUPAJ
"""..""",Zasavska,Moški,2008,2 Delovno aktivno prebivalstvo po prebivališču - SKUPAJ
"""..""",Zasavska,Moški,2009,2 Delovno aktivno prebivalstvo po prebivališču - SKUPAJ
9438,Zasavska,Moški,2010,2 Delovno aktivno prebivalstvo po prebivališču - SKUPAJ
9026,Zasavska,Moški,2011,2 Delovno aktivno prebivalstvo po prebivališču - SKUPAJ
8796,Zasavska,Moški,2012,2 Delovno aktivno prebivalstvo po prebivališču - SKUPAJ
8479,Zasavska,Moški,2013,2 Delovno aktivno prebivalstvo po prebivališču - SKUPAJ
8328,Zasavska,Moški,2014,2 Delovno aktivno prebivalstvo po prebivališču - SKUPAJ
11793,Zasavska,Moški,2015,2 Delovno aktivno prebivalstvo po prebivališču - SKUPAJ
11845,Zasavska,Moški,2016,2 Delovno aktivno prebivalstvo po prebivališču - SKUPAJ
12286,Zasavska,Moški,2017,2 Delovno aktivno prebivalstvo po prebivališču - SKUPAJ
12676,Zasavska,Moški,2018,2 Delovno aktivno prebivalstvo po prebivališču - SKUPAJ
12971,Zasavska,Moški,2019,2 Delovno aktivno prebivalstvo po prebivališču - SKUPAJ
12811,Zasavska,Moški,2020,2 Delovno aktivno prebivalstvo po prebivališču - SKUPAJ
"""..""",Zasavska,Ženske,2005,2 Delovno aktivno prebivalstvo po prebivališču - SKUPAJ
"""..""",Zasavska,Ženske,2006,2 Delovno aktivno prebivalstvo po prebivališču - SKUPAJ
"""..""",Zasavska,Ženske,2007,2 Delovno aktivno prebivalstvo po prebivališču - SKUPAJ
"""..""",Zasavska,Ženske,2008,2 Delovno aktivno prebivalstvo po prebivališču - SKUPAJ
"""..""",Zasavska,Ženske,2009,2 Delovno aktivno prebivalstvo po prebivališču - SKUPAJ
7869,Zasavska,Ženske,2010,2 Delovno aktivno prebivalstvo po prebivališču - SKUPAJ
7799,Zasavska,Ženske,2011,2 Delovno aktivno prebivalstvo po prebivališču - SKUPAJ
7647,Zasavska,Ženske,2012,2 Delovno aktivno prebivalstvo po prebivališču - SKUPAJ
7495,Zasavska,Ženske,2013,2 Delovno aktivno prebivalstvo po prebivališču - SKUPAJ
7351,Zasavska,Ženske,2014,2 Delovno aktivno prebivalstvo po prebivališču - SKUPAJ
10220,Zasavska,Ženske,2015,2 Delovno aktivno prebivalstvo po prebivališču - SKUPAJ
10401,Zasavska,Ženske,2016,2 Delovno aktivno prebivalstvo po prebivališču - SKUPAJ
10752,Zasavska,Ženske,2017,2 Delovno aktivno prebivalstvo po prebivališču - SKUPAJ
11098,Zasavska,Ženske,2018,2 Delovno aktivno prebivalstvo po prebivališču - SKUPAJ
11183,Zasavska,Ženske,2019,2 Delovno aktivno prebivalstvo po prebivališču - SKUPAJ
11050,Zasavska,Ženske,2020,2 Delovno aktivno prebivalstvo po prebivališču - SKUPAJ
27416,Posavska,Spol - SKUPAJ,2005,2 Delovno aktivno prebivalstvo po prebivališču - SKUPAJ
27773,Posavska,Spol - SKUPAJ,2006,2 Delovno aktivno prebivalstvo po prebivališču - SKUPAJ
28851,Posavska,Spol - SKUPAJ,2007,2 Delovno aktivno prebivalstvo po prebivališču - SKUPAJ
30036,Posavska,Spol - SKUPAJ,2008,2 Delovno aktivno prebivalstvo po prebivališču - SKUPAJ
29527,Posavska,Spol - SKUPAJ,2009,2 Delovno aktivno prebivalstvo po prebivališču - SKUPAJ
28565,Posavska,Spol - SKUPAJ,2010,2 Delovno aktivno prebivalstvo po prebivališču - SKUPAJ
28272,Posavska,Spol - SKUPAJ,2011,2 Delovno aktivno prebivalstvo po prebivališču - SKUPAJ
27830,Posavska,Spol - SKUPAJ,2012,2 Delovno aktivno prebivalstvo po prebivališču - SKUPAJ
27423,Posavska,Spol - SKUPAJ,2013,2 Delovno aktivno prebivalstvo po prebivališču - SKUPAJ
27316,Posavska,Spol - SKUPAJ,2014,2 Delovno aktivno prebivalstvo po prebivališču - SKUPAJ
29662,Posavska,Spol - SKUPAJ,2015,2 Delovno aktivno prebivalstvo po prebivališču - SKUPAJ
29828,Posavska,Spol - SKUPAJ,2016,2 Delovno aktivno prebivalstvo po prebivališču - SKUPAJ
30928,Posavska,Spol - SKUPAJ,2017,2 Delovno aktivno prebivalstvo po prebivališču - SKUPAJ
31895,Posavska,Spol - SKUPAJ,2018,2 Delovno aktivno prebivalstvo po prebivališču - SKUPAJ
32663,Posavska,Spol - SKUPAJ,2019,2 Delovno aktivno prebivalstvo po prebivališču - SKUPAJ
32147,Posavska,Spol - SKUPAJ,2020,2 Delovno aktivno prebivalstvo po prebivališču - SKUPAJ
"""..""",Posavska,Moški,2005,2 Delovno aktivno prebivalstvo po prebivališču - SKUPAJ
"""..""",Posavska,Moški,2006,2 Delovno aktivno prebivalstvo po prebivališču - SKUPAJ
"""..""",Posavska,Moški,2007,2 Delovno aktivno prebivalstvo po prebivališču - SKUPAJ
"""..""",Posavska,Moški,2008,2 Delovno aktivno prebivalstvo po prebivališču - SKUPAJ
"""..""",Posavska,Moški,2009,2 Delovno aktivno prebivalstvo po prebivališču - SKUPAJ
16794,Posavska,Moški,2010,2 Delovno aktivno prebivalstvo po prebivališču - SKUPAJ
16470,Posavska,Moški,2011,2 Delovno aktivno prebivalstvo po prebivališču - SKUPAJ
16271,Posavska,Moški,2012,2 Delovno aktivno prebivalstvo po prebivališču - SKUPAJ
15892,Posavska,Moški,2013,2 Delovno aktivno prebivalstvo po prebivališču - SKUPAJ
15990,Posavska,Moški,2014,2 Delovno aktivno prebivalstvo po prebivališču - SKUPAJ
17234,Posavska,Moški,2015,2 Delovno aktivno prebivalstvo po prebivališču - SKUPAJ
17121,Posavska,Moški,2016,2 Delovno aktivno prebivalstvo po prebivališču - SKUPAJ
17752,Posavska,Moški,2017,2 Delovno aktivno prebivalstvo po prebivališču - SKUPAJ
18263,Posavska,Moški,2018,2 Delovno aktivno prebivalstvo po prebivališču - SKUPAJ
18764,Posavska,Moški,2019,2 Delovno aktivno prebivalstvo po prebivališču - SKUPAJ
18261,Posavska,Moški,2020,2 Delovno aktivno prebivalstvo po prebivališču - SKUPAJ
"""..""",Posavska,Ženske,2005,2 Delovno aktivno prebivalstvo po prebivališču - SKUPAJ
"""..""",Posavska,Ženske,2006,2 Delovno aktivno prebivalstvo po prebivališču - SKUPAJ
"""..""",Posavska,Ženske,2007,2 Delovno aktivno prebivalstvo po prebivališču - SKUPAJ
"""..""",Posavska,Ženske,2008,2 Delovno aktivno prebivalstvo po prebivališču - SKUPAJ
"""..""",Posavska,Ženske,2009,2 Delovno aktivno prebivalstvo po prebivališču - SKUPAJ
11770,Posavska,Ženske,2010,2 Delovno aktivno prebivalstvo po prebivališču - SKUPAJ
11802,Posavska,Ženske,2011,2 Delovno aktivno prebivalstvo po prebivališču - SKUPAJ
11559,Posavska,Ženske,2012,2 Delovno aktivno prebivalstvo po prebivališču - SKUPAJ
11531,Posavska,Ženske,2013,2 Delovno aktivno prebivalstvo po prebivališču - SKUPAJ
11325,Posavska,Ženske,2014,2 Delovno aktivno prebivalstvo po prebivališču - SKUPAJ
12428,Posavska,Ženske,2015,2 Delovno aktivno prebivalstvo po prebivališču - SKUPAJ
12707,Posavska,Ženske,2016,2 Delovno aktivno prebivalstvo po prebivališču - SKUPAJ
13176,Posavska,Ženske,2017,2 Delovno aktivno prebivalstvo po prebivališču - SKUPAJ
13632,Posavska,Ženske,2018,2 Delovno aktivno prebivalstvo po prebivališču - SKUPAJ
13899,Posavska,Ženske,2019,2 Delovno aktivno prebivalstvo po prebivališču - SKUPAJ
13886,Posavska,Ženske,2020,2 Delovno aktivno prebivalstvo po prebivališču - SKUPAJ
58190,Jugovzhodna Slovenija,Spol - SKUPAJ,2005,2 Delovno aktivno prebivalstvo po prebivališču - SKUPAJ
58787,Jugovzhodna Slovenija,Spol - SKUPAJ,2006,2 Delovno aktivno prebivalstvo po prebivališču - SKUPAJ
61136,Jugovzhodna Slovenija,Spol - SKUPAJ,2007,2 Delovno aktivno prebivalstvo po prebivališču - SKUPAJ
62882,Jugovzhodna Slovenija,Spol - SKUPAJ,2008,2 Delovno aktivno prebivalstvo po prebivališču - SKUPAJ
61184,Jugovzhodna Slovenija,Spol - SKUPAJ,2009,2 Delovno aktivno prebivalstvo po prebivališču - SKUPAJ
59813,Jugovzhodna Slovenija,Spol - SKUPAJ,2010,2 Delovno aktivno prebivalstvo po prebivališču - SKUPAJ
58976,Jugovzhodna Slovenija,Spol - SKUPAJ,2011,2 Delovno aktivno prebivalstvo po prebivališču - SKUPAJ
57671,Jugovzhodna Slovenija,Spol - SKUPAJ,2012,2 Delovno aktivno prebivalstvo po prebivališču - SKUPAJ
56672,Jugovzhodna Slovenija,Spol - SKUPAJ,2013,2 Delovno aktivno prebivalstvo po prebivališču - SKUPAJ
57094,Jugovzhodna Slovenija,Spol - SKUPAJ,2014,2 Delovno aktivno prebivalstvo po prebivališču - SKUPAJ
57571,Jugovzhodna Slovenija,Spol - SKUPAJ,2015,2 Delovno aktivno prebivalstvo po prebivališču - SKUPAJ
58415,Jugovzhodna Slovenija,Spol - SKUPAJ,2016,2 Delovno aktivno prebivalstvo po prebivališču - SKUPAJ
61069,Jugovzhodna Slovenija,Spol - SKUPAJ,2017,2 Delovno aktivno prebivalstvo po prebivališču - SKUPAJ
63352,Jugovzhodna Slovenija,Spol - SKUPAJ,2018,2 Delovno aktivno prebivalstvo po prebivališču - SKUPAJ
64633,Jugovzhodna Slovenija,Spol - SKUPAJ,2019,2 Delovno aktivno prebivalstvo po prebivališču - SKUPAJ
63933,Jugovzhodna Slovenija,Spol - SKUPAJ,2020,2 Delovno aktivno prebivalstvo po prebivališču - SKUPAJ
"""..""",Jugovzhodna Slovenija,Moški,2005,2 Delovno aktivno prebivalstvo po prebivališču - SKUPAJ
"""..""",Jugovzhodna Slovenija,Moški,2006,2 Delovno aktivno prebivalstvo po prebivališču - SKUPAJ
"""..""",Jugovzhodna Slovenija,Moški,2007,2 Delovno aktivno prebivalstvo po prebivališču - SKUPAJ
"""..""",Jugovzhodna Slovenija,Moški,2008,2 Delovno aktivno prebivalstvo po prebivališču - SKUPAJ
"""..""",Jugovzhodna Slovenija,Moški,2009,2 Delovno aktivno prebivalstvo po prebivališču - SKUPAJ
34428,Jugovzhodna Slovenija,Moški,2010,2 Delovno aktivno prebivalstvo po prebivališču - SKUPAJ
33692,Jugovzhodna Slovenija,Moški,2011,2 Delovno aktivno prebivalstvo po prebivališču - SKUPAJ
32787,Jugovzhodna Slovenija,Moški,2012,2 Delovno aktivno prebivalstvo po prebivališču - SKUPAJ
32079,Jugovzhodna Slovenija,Moški,2013,2 Delovno aktivno prebivalstvo po prebivališču - SKUPAJ
32701,Jugovzhodna Slovenija,Moški,2014,2 Delovno aktivno prebivalstvo po prebivališču - SKUPAJ
32732,Jugovzhodna Slovenija,Moški,2015,2 Delovno aktivno prebivalstvo po prebivališču - SKUPAJ
32916,Jugovzhodna Slovenija,Moški,2016,2 Delovno aktivno prebivalstvo po prebivališču - SKUPAJ
34513,Jugovzhodna Slovenija,Moški,2017,2 Delovno aktivno prebivalstvo po prebivališču - SKUPAJ
35797,Jugovzhodna Slovenija,Moški,2018,2 Delovno aktivno prebivalstvo po prebivališču - SKUPAJ
36681,Jugovzhodna Slovenija,Moški,2019,2 Delovno aktivno prebivalstvo po prebivališču - SKUPAJ
35956,Jugovzhodna Slovenija,Moški,2020,2 Delovno aktivno prebivalstvo po prebivališču - SKUPAJ
"""..""",Jugovzhodna Slovenija,Ženske,2005,2 Delovno aktivno prebivalstvo po prebivališču - SKUPAJ
"""..""",Jugovzhodna Slovenija,Ženske,2006,2 Delovno aktivno prebivalstvo po prebivališču - SKUPAJ
"""..""",Jugovzhodna Slovenija,Ženske,2007,2 Delovno aktivno prebivalstvo po prebivališču - SKUPAJ
"""..""",Jugovzhodna Slovenija,Ženske,2008,2 Delovno aktivno prebivalstvo po prebivališču - SKUPAJ
"""..""",Jugovzhodna Slovenija,Ženske,2009,2 Delovno aktivno prebivalstvo po prebivališču - SKUPAJ
25385,Jugovzhodna Slovenija,Ženske,2010,2 Delovno aktivno prebivalstvo po prebivališču - SKUPAJ
25284,Jugovzhodna Slovenija,Ženske,2011,2 Delovno aktivno prebivalstvo po prebivališču - SKUPAJ
24884,Jugovzhodna Slovenija,Ženske,2012,2 Delovno aktivno prebivalstvo po prebivališču - SKUPAJ
24593,Jugovzhodna Slovenija,Ženske,2013,2 Delovno aktivno prebivalstvo po prebivališču - SKUPAJ
24393,Jugovzhodna Slovenija,Ženske,2014,2 Delovno aktivno prebivalstvo po prebivališču - SKUPAJ
24839,Jugovzhodna Slovenija,Ženske,2015,2 Delovno aktivno prebivalstvo po prebivališču - SKUPAJ
25499,Jugovzhodna Slovenija,Ženske,2016,2 Delovno aktivno prebivalstvo po prebivališču - SKUPAJ
26556,Jugovzhodna Slovenija,Ženske,2017,2 Delovno aktivno prebivalstvo po prebivališču - SKUPAJ
27556,Jugovzhodna Slovenija,Ženske,2018,2 Delovno aktivno prebivalstvo po prebivališču - SKUPAJ
27952,Jugovzhodna Slovenija,Ženske,2019,2 Delovno aktivno prebivalstvo po prebivališču - SKUPAJ
27977,Jugovzhodna Slovenija,Ženske,2020,2 Delovno aktivno prebivalstvo po prebivališču - SKUPAJ
21781,Primorsko-notranjska,Spol - SKUPAJ,2005,2 Delovno aktivno prebivalstvo po prebivališču - SKUPAJ
22202,Primorsko-notranjska,Spol - SKUPAJ,2006,2 Delovno aktivno prebivalstvo po prebivališču - SKUPAJ
23104,Primorsko-notranjska,Spol - SKUPAJ,2007,2 Delovno aktivno prebivalstvo po prebivališču - SKUPAJ
23750,Primorsko-notranjska,Spol - SKUPAJ,2008,2 Delovno aktivno prebivalstvo po prebivališču - SKUPAJ
23261,Primorsko-notranjska,Spol - SKUPAJ,2009,2 Delovno aktivno prebivalstvo po prebivališču - SKUPAJ
22603,Primorsko-notranjska,Spol - SKUPAJ,2010,2 Delovno aktivno prebivalstvo po prebivališču - SKUPAJ
22207,Primorsko-notranjska,Spol - SKUPAJ,2011,2 Delovno aktivno prebivalstvo po prebivališču - SKUPAJ
21803,Primorsko-notranjska,Spol - SKUPAJ,2012,2 Delovno aktivno prebivalstvo po prebivališču - SKUPAJ
21209,Primorsko-notranjska,Spol - SKUPAJ,2013,2 Delovno aktivno prebivalstvo po prebivališču - SKUPAJ
21367,Primorsko-notranjska,Spol - SKUPAJ,2014,2 Delovno aktivno prebivalstvo po prebivališču - SKUPAJ
21507,Primorsko-notranjska,Spol - SKUPAJ,2015,2 Delovno aktivno prebivalstvo po prebivališču - SKUPAJ
21757,Primorsko-notranjska,Spol - SKUPAJ,2016,2 Delovno aktivno prebivalstvo po prebivališču - SKUPAJ
22241,Primorsko-notranjska,Spol - SKUPAJ,2017,2 Delovno aktivno prebivalstvo po prebivališču - SKUPAJ
22965,Primorsko-notranjska,Spol - SKUPAJ,2018,2 Delovno aktivno prebivalstvo po prebivališču - SKUPAJ
23439,Primorsko-notranjska,Spol - SKUPAJ,2019,2 Delovno aktivno prebivalstvo po prebivališču - SKUPAJ
23424,Primorsko-notranjska,Spol - SKUPAJ,2020,2 Delovno aktivno prebivalstvo po prebivališču - SKUPAJ
"""..""",Primorsko-notranjska,Moški,2005,2 Delovno aktivno prebivalstvo po prebivališču - SKUPAJ
"""..""",Primorsko-notranjska,Moški,2006,2 Delovno aktivno prebivalstvo po prebivališču - SKUPAJ
"""..""",Primorsko-notranjska,Moški,2007,2 Delovno aktivno prebivalstvo po prebivališču - SKUPAJ
"""..""",Primorsko-notranjska,Moški,2008,2 Delovno aktivno prebivalstvo po prebivališču - SKUPAJ
"""..""",Primorsko-notranjska,Moški,2009,2 Delovno aktivno prebivalstvo po prebivališču - SKUPAJ
13051,Primorsko-notranjska,Moški,2010,2 Delovno aktivno prebivalstvo po prebivališču - SKUPAJ
12733,Primorsko-notranjska,Moški,2011,2 Delovno aktivno prebivalstvo po prebivališču - SKUPAJ
12467,Primorsko-notranjska,Moški,2012,2 Delovno aktivno prebivalstvo po prebivališču - SKUPAJ
12071,Primorsko-notranjska,Moški,2013,2 Delovno aktivno prebivalstvo po prebivališču - SKUPAJ
12272,Primorsko-notranjska,Moški,2014,2 Delovno aktivno prebivalstvo po prebivališču - SKUPAJ
12281,Primorsko-notranjska,Moški,2015,2 Delovno aktivno prebivalstvo po prebivališču - SKUPAJ
12317,Primorsko-notranjska,Moški,2016,2 Delovno aktivno prebivalstvo po prebivališču - SKUPAJ
12617,Primorsko-notranjska,Moški,2017,2 Delovno aktivno prebivalstvo po prebivališču - SKUPAJ
12984,Primorsko-notranjska,Moški,2018,2 Delovno aktivno prebivalstvo po prebivališču - SKUPAJ
13292,Primorsko-notranjska,Moški,2019,2 Delovno aktivno prebivalstvo po prebivališču - SKUPAJ
13346,Primorsko-notranjska,Moški,2020,2 Delovno aktivno prebivalstvo po prebivališču - SKUPAJ
"""..""",Primorsko-notranjska,Ženske,2005,2 Delovno aktivno prebivalstvo po prebivališču - SKUPAJ
"""..""",Primorsko-notranjska,Ženske,2006,2 Delovno aktivno prebivalstvo po prebivališču - SKUPAJ
"""..""",Primorsko-notranjska,Ženske,2007,2 Delovno aktivno prebivalstvo po prebivališču - SKUPAJ
"""..""",Primorsko-notranjska,Ženske,2008,2 Delovno aktivno prebivalstvo po prebivališču - SKUPAJ
"""..""",Primorsko-notranjska,Ženske,2009,2 Delovno aktivno prebivalstvo po prebivališču - SKUPAJ
9552,Primorsko-notranjska,Ženske,2010,2 Delovno aktivno prebivalstvo po prebivališču - SKUPAJ
9474,Primorsko-notranjska,Ženske,2011,2 Delovno aktivno prebivalstvo po prebivališču - SKUPAJ
9336,Primorsko-notranjska,Ženske,2012,2 Delovno aktivno prebivalstvo po prebivališču - SKUPAJ
9139,Primorsko-notranjska,Ženske,2013,2 Delovno aktivno prebivalstvo po prebivališču - SKUPAJ
9095,Primorsko-notranjska,Ženske,2014,2 Delovno aktivno prebivalstvo po prebivališču - SKUPAJ
9225,Primorsko-notranjska,Ženske,2015,2 Delovno aktivno prebivalstvo po prebivališču - SKUPAJ
9440,Primorsko-notranjska,Ženske,2016,2 Delovno aktivno prebivalstvo po prebivališču - SKUPAJ
9624,Primorsko-notranjska,Ženske,2017,2 Delovno aktivno prebivalstvo po prebivališču - SKUPAJ
9981,Primorsko-notranjska,Ženske,2018,2 Delovno aktivno prebivalstvo po prebivališču - SKUPAJ
10146,Primorsko-notranjska,Ženske,2019,2 Delovno aktivno prebivalstvo po prebivališču - SKUPAJ
10078,Primorsko-notranjska,Ženske,2020,2 Delovno aktivno prebivalstvo po prebivališču - SKUPAJ
386550,Zahodna Slovenija,Spol - SKUPAJ,2005,2 Delovno aktivno prebivalstvo po prebivališču - SKUPAJ
392087,Zahodna Slovenija,Spol - SKUPAJ,2006,2 Delovno aktivno prebivalstvo po prebivališču - SKUPAJ
404491,Zahodna Slovenija,Spol - SKUPAJ,2007,2 Delovno aktivno prebivalstvo po prebivališču - SKUPAJ
416309,Zahodna Slovenija,Spol - SKUPAJ,2008,2 Delovno aktivno prebivalstvo po prebivališču - SKUPAJ
410897,Zahodna Slovenija,Spol - SKUPAJ,2009,2 Delovno aktivno prebivalstvo po prebivališču - SKUPAJ
403509,Zahodna Slovenija,Spol - SKUPAJ,2010,2 Delovno aktivno prebivalstvo po prebivališču - SKUPAJ
397024,Zahodna Slovenija,Spol - SKUPAJ,2011,2 Delovno aktivno prebivalstvo po prebivališču - SKUPAJ
391838,Zahodna Slovenija,Spol - SKUPAJ,2012,2 Delovno aktivno prebivalstvo po prebivališču - SKUPAJ
384049,Zahodna Slovenija,Spol - SKUPAJ,2013,2 Delovno aktivno prebivalstvo po prebivališču - SKUPAJ
387359,Zahodna Slovenija,Spol - SKUPAJ,2014,2 Delovno aktivno prebivalstvo po prebivališču - SKUPAJ
387168,Zahodna Slovenija,Spol - SKUPAJ,2015,2 Delovno aktivno prebivalstvo po prebivališču - SKUPAJ
396494,Zahodna Slovenija,Spol - SKUPAJ,2016,2 Delovno aktivno prebivalstvo po prebivališču - SKUPAJ
410911,Zahodna Slovenija,Spol - SKUPAJ,2017,2 Delovno aktivno prebivalstvo po prebivališču - SKUPAJ
425093,Zahodna Slovenija,Spol - SKUPAJ,2018,2 Delovno aktivno prebivalstvo po prebivališču - SKUPAJ
436634,Zahodna Slovenija,Spol - SKUPAJ,2019,2 Delovno aktivno prebivalstvo po prebivališču - SKUPAJ
434331,Zahodna Slovenija,Spol - SKUPAJ,2020,2 Delovno aktivno prebivalstvo po prebivališču - SKUPAJ
"""..""",Zahodna Slovenija,Moški,2005,2 Delovno aktivno prebivalstvo po prebivališču - SKUPAJ
"""..""",Zahodna Slovenija,Moški,2006,2 Delovno aktivno prebivalstvo po prebivališču - SKUPAJ
"""..""",Zahodna Slovenija,Moški,2007,2 Delovno aktivno prebivalstvo po prebivališču - SKUPAJ
"""..""",Zahodna Slovenija,Moški,2008,2 Delovno aktivno prebivalstvo po prebivališču - SKUPAJ
"""..""",Zahodna Slovenija,Moški,2009,2 Delovno aktivno prebivalstvo po prebivališču - SKUPAJ
222414,Zahodna Slovenija,Moški,2010,2 Delovno aktivno prebivalstvo po prebivališču - SKUPAJ
216674,Zahodna Slovenija,Moški,2011,2 Delovno aktivno prebivalstvo po prebivališču - SKUPAJ
212415,Zahodna Slovenija,Moški,2012,2 Delovno aktivno prebivalstvo po prebivališču - SKUPAJ
206994,Zahodna Slovenija,Moški,2013,2 Delovno aktivno prebivalstvo po prebivališču - SKUPAJ
209545,Zahodna Slovenija,Moški,2014,2 Delovno aktivno prebivalstvo po prebivališču - SKUPAJ
208886,Zahodna Slovenija,Moški,2015,2 Delovno aktivno prebivalstvo po prebivališču - SKUPAJ
213002,Zahodna Slovenija,Moški,2016,2 Delovno aktivno prebivalstvo po prebivališču - SKUPAJ
221447,Zahodna Slovenija,Moški,2017,2 Delovno aktivno prebivalstvo po prebivališču - SKUPAJ
229827,Zahodna Slovenija,Moški,2018,2 Delovno aktivno prebivalstvo po prebivališču - SKUPAJ
237349,Zahodna Slovenija,Moški,2019,2 Delovno aktivno prebivalstvo po prebivališču - SKUPAJ
236169,Zahodna Slovenija,Moški,2020,2 Delovno aktivno prebivalstvo po prebivališču - SKUPAJ
"""..""",Zahodna Slovenija,Ženske,2005,2 Delovno aktivno prebivalstvo po prebivališču - SKUPAJ
"""..""",Zahodna Slovenija,Ženske,2006,2 Delovno aktivno prebivalstvo po prebivališču - SKUPAJ
"""..""",Zahodna Slovenija,Ženske,2007,2 Delovno aktivno prebivalstvo po prebivališču - SKUPAJ
"""..""",Zahodna Slovenija,Ženske,2008,2 Delovno aktivno prebivalstvo po prebivališču - SKUPAJ
"""..""",Zahodna Slovenija,Ženske,2009,2 Delovno aktivno prebivalstvo po prebivališču - SKUPAJ
181095,Zahodna Slovenija,Ženske,2010,2 Delovno aktivno prebivalstvo po prebivališču - SKUPAJ
180350,Zahodna Slovenija,Ženske,2011,2 Delovno aktivno prebivalstvo po prebivališču - SKUPAJ
179423,Zahodna Slovenija,Ženske,2012,2 Delovno aktivno prebivalstvo po prebivališču - SKUPAJ
177055,Zahodna Slovenija,Ženske,2013,2 Delovno aktivno prebivalstvo po prebivališču - SKUPAJ
177814,Zahodna Slovenija,Ženske,2014,2 Delovno aktivno prebivalstvo po prebivališču - SKUPAJ
178282,Zahodna Slovenija,Ženske,2015,2 Delovno aktivno prebivalstvo po prebivališču - SKUPAJ
183492,Zahodna Slovenija,Ženske,2016,2 Delovno aktivno prebivalstvo po prebivališču - SKUPAJ
189464,Zahodna Slovenija,Ženske,2017,2 Delovno aktivno prebivalstvo po prebivališču - SKUPAJ
195265,Zahodna Slovenija,Ženske,2018,2 Delovno aktivno prebivalstvo po prebivališču - SKUPAJ
199286,Zahodna Slovenija,Ženske,2019,2 Delovno aktivno prebivalstvo po prebivališču - SKUPAJ
198162,Zahodna Slovenija,Ženske,2020,2 Delovno aktivno prebivalstvo po prebivališču - SKUPAJ
212311,Osrednjeslovenska,Spol - SKUPAJ,2005,2 Delovno aktivno prebivalstvo po prebivališču - SKUPAJ
215370,Osrednjeslovenska,Spol - SKUPAJ,2006,2 Delovno aktivno prebivalstvo po prebivališču - SKUPAJ
222510,Osrednjeslovenska,Spol - SKUPAJ,2007,2 Delovno aktivno prebivalstvo po prebivališču - SKUPAJ
229342,Osrednjeslovenska,Spol - SKUPAJ,2008,2 Delovno aktivno prebivalstvo po prebivališču - SKUPAJ
228095,Osrednjeslovenska,Spol - SKUPAJ,2009,2 Delovno aktivno prebivalstvo po prebivališču - SKUPAJ
224742,Osrednjeslovenska,Spol - SKUPAJ,2010,2 Delovno aktivno prebivalstvo po prebivališču - SKUPAJ
221471,Osrednjeslovenska,Spol - SKUPAJ,2011,2 Delovno aktivno prebivalstvo po prebivališču - SKUPAJ
218775,Osrednjeslovenska,Spol - SKUPAJ,2012,2 Delovno aktivno prebivalstvo po prebivališču - SKUPAJ
214996,Osrednjeslovenska,Spol - SKUPAJ,2013,2 Delovno aktivno prebivalstvo po prebivališču - SKUPAJ
217145,Osrednjeslovenska,Spol - SKUPAJ,2014,2 Delovno aktivno prebivalstvo po prebivališču - SKUPAJ
214873,Osrednjeslovenska,Spol - SKUPAJ,2015,2 Delovno aktivno prebivalstvo po prebivališču - SKUPAJ
220847,Osrednjeslovenska,Spol - SKUPAJ,2016,2 Delovno aktivno prebivalstvo po prebivališču - SKUPAJ
229350,Osrednjeslovenska,Spol - SKUPAJ,2017,2 Delovno aktivno prebivalstvo po prebivališču - SKUPAJ
237923,Osrednjeslovenska,Spol - SKUPAJ,2018,2 Delovno aktivno prebivalstvo po prebivališču - SKUPAJ
245555,Osrednjeslovenska,Spol - SKUPAJ,2019,2 Delovno aktivno prebivalstvo po prebivališču - SKUPAJ
244217,Osrednjeslovenska,Spol - SKUPAJ,2020,2 Delovno aktivno prebivalstvo po prebivališču - SKUPAJ
"""..""",Osrednjeslovenska,Moški,2005,2 Delovno aktivno prebivalstvo po prebivališču - SKUPAJ
"""..""",Osrednjeslovenska,Moški,2006,2 Delovno aktivno prebivalstvo po prebivališču - SKUPAJ
"""..""",Osrednjeslovenska,Moški,2007,2 Delovno aktivno prebivalstvo po prebivališču - SKUPAJ
"""..""",Osrednjeslovenska,Moški,2008,2 Delovno aktivno prebivalstvo po prebivališču - SKUPAJ
"""..""",Osrednjeslovenska,Moški,2009,2 Delovno aktivno prebivalstvo po prebivališču - SKUPAJ
122181,Osrednjeslovenska,Moški,2010,2 Delovno aktivno prebivalstvo po prebivališču - SKUPAJ
119036,Osrednjeslovenska,Moški,2011,2 Delovno aktivno prebivalstvo po prebivališču - SKUPAJ
116790,Osrednjeslovenska,Moški,2012,2 Delovno aktivno prebivalstvo po prebivališču - SKUPAJ
114170,Osrednjeslovenska,Moški,2013,2 Delovno aktivno prebivalstvo po prebivališču - SKUPAJ
115597,Osrednjeslovenska,Moški,2014,2 Delovno aktivno prebivalstvo po prebivališču - SKUPAJ
114181,Osrednjeslovenska,Moški,2015,2 Delovno aktivno prebivalstvo po prebivališču - SKUPAJ
117068,Osrednjeslovenska,Moški,2016,2 Delovno aktivno prebivalstvo po prebivališču - SKUPAJ
122240,Osrednjeslovenska,Moški,2017,2 Delovno aktivno prebivalstvo po prebivališču - SKUPAJ
127352,Osrednjeslovenska,Moški,2018,2 Delovno aktivno prebivalstvo po prebivališču - SKUPAJ
132224,Osrednjeslovenska,Moški,2019,2 Delovno aktivno prebivalstvo po prebivališču - SKUPAJ
131651,Osrednjeslovenska,Moški,2020,2 Delovno aktivno prebivalstvo po prebivališču - SKUPAJ
"""..""",Osrednjeslovenska,Ženske,2005,2 Delovno aktivno prebivalstvo po prebivališču - SKUPAJ
"""..""",Osrednjeslovenska,Ženske,2006,2 Delovno aktivno prebivalstvo po prebivališču - SKUPAJ
"""..""",Osrednjeslovenska,Ženske,2007,2 Delovno aktivno prebivalstvo po prebivališču - SKUPAJ
"""..""",Osrednjeslovenska,Ženske,2008,2 Delovno aktivno prebivalstvo po prebivališču - SKUPAJ
"""..""",Osrednjeslovenska,Ženske,2009,2 Delovno aktivno prebivalstvo po prebivališču - SKUPAJ
102561,Osrednjeslovenska,Ženske,2010,2 Delovno aktivno prebivalstvo po prebivališču - SKUPAJ
102436,Osrednjeslovenska,Ženske,2011,2 Delovno aktivno prebivalstvo po prebivališču - SKUPAJ
101985,Osrednjeslovenska,Ženske,2012,2 Delovno aktivno prebivalstvo po prebivališču - SKUPAJ
100826,Osrednjeslovenska,Ženske,2013,2 Delovno aktivno prebivalstvo po prebivališču - SKUPAJ
101548,Osrednjeslovenska,Ženske,2014,2 Delovno aktivno prebivalstvo po prebivališču - SKUPAJ
100693,Osrednjeslovenska,Ženske,2015,2 Delovno aktivno prebivalstvo po prebivališču - SKUPAJ
103780,Osrednjeslovenska,Ženske,2016,2 Delovno aktivno prebivalstvo po prebivališču - SKUPAJ
107110,Osrednjeslovenska,Ženske,2017,2 Delovno aktivno prebivalstvo po prebivališču - SKUPAJ
110572,Osrednjeslovenska,Ženske,2018,2 Delovno aktivno prebivalstvo po prebivališču - SKUPAJ
113331,Osrednjeslovenska,Ženske,2019,2 Delovno aktivno prebivalstvo po prebivališču - SKUPAJ
112566,Osrednjeslovenska,Ženske,2020,2 Delovno aktivno prebivalstvo po prebivališču - SKUPAJ
81390,Gorenjska,Spol - SKUPAJ,2005,2 Delovno aktivno prebivalstvo po prebivališču - SKUPAJ
82392,Gorenjska,Spol - SKUPAJ,2006,2 Delovno aktivno prebivalstvo po prebivališču - SKUPAJ
84716,Gorenjska,Spol - SKUPAJ,2007,2 Delovno aktivno prebivalstvo po prebivališču - SKUPAJ
86674,Gorenjska,Spol - SKUPAJ,2008,2 Delovno aktivno prebivalstvo po prebivališču - SKUPAJ
84678,Gorenjska,Spol - SKUPAJ,2009,2 Delovno aktivno prebivalstvo po prebivališču - SKUPAJ
83175,Gorenjska,Spol - SKUPAJ,2010,2 Delovno aktivno prebivalstvo po prebivališču - SKUPAJ
82197,Gorenjska,Spol - SKUPAJ,2011,2 Delovno aktivno prebivalstvo po prebivališču - SKUPAJ
81567,Gorenjska,Spol - SKUPAJ,2012,2 Delovno aktivno prebivalstvo po prebivališču - SKUPAJ
80277,Gorenjska,Spol - SKUPAJ,2013,2 Delovno aktivno prebivalstvo po prebivališču - SKUPAJ
81155,Gorenjska,Spol - SKUPAJ,2014,2 Delovno aktivno prebivalstvo po prebivališču - SKUPAJ
82235,Gorenjska,Spol - SKUPAJ,2015,2 Delovno aktivno prebivalstvo po prebivališču - SKUPAJ
83789,Gorenjska,Spol - SKUPAJ,2016,2 Delovno aktivno prebivalstvo po prebivališču - SKUPAJ
86539,Gorenjska,Spol - SKUPAJ,2017,2 Delovno aktivno prebivalstvo po prebivališču - SKUPAJ
89133,Gorenjska,Spol - SKUPAJ,2018,2 Delovno aktivno prebivalstvo po prebivališču - SKUPAJ
91059,Gorenjska,Spol - SKUPAJ,2019,2 Delovno aktivno prebivalstvo po prebivališču - SKUPAJ
90804,Gorenjska,Spol - SKUPAJ,2020,2 Delovno aktivno prebivalstvo po prebivališču - SKUPAJ
"""..""",Gorenjska,Moški,2005,2 Delovno aktivno prebivalstvo po prebivališču - SKUPAJ
"""..""",Gorenjska,Moški,2006,2 Delovno aktivno prebivalstvo po prebivališču - SKUPAJ
"""..""",Gorenjska,Moški,2007,2 Delovno aktivno prebivalstvo po prebivališču - SKUPAJ
"""..""",Gorenjska,Moški,2008,2 Delovno aktivno prebivalstvo po prebivališču - SKUPAJ
"""..""",Gorenjska,Moški,2009,2 Delovno aktivno prebivalstvo po prebivališču - SKUPAJ
46020,Gorenjska,Moški,2010,2 Delovno aktivno prebivalstvo po prebivališču - SKUPAJ
45253,Gorenjska,Moški,2011,2 Delovno aktivno prebivalstvo po prebivališču - SKUPAJ
44678,Gorenjska,Moški,2012,2 Delovno aktivno prebivalstvo po prebivališču - SKUPAJ
43752,Gorenjska,Moški,2013,2 Delovno aktivno prebivalstvo po prebivališču - SKUPAJ
44427,Gorenjska,Moški,2014,2 Delovno aktivno prebivalstvo po prebivališču - SKUPAJ
44821,Gorenjska,Moški,2015,2 Delovno aktivno prebivalstvo po prebivališču - SKUPAJ
45330,Gorenjska,Moški,2016,2 Delovno aktivno prebivalstvo po prebivališču - SKUPAJ
46849,Gorenjska,Moški,2017,2 Delovno aktivno prebivalstvo po prebivališču - SKUPAJ
48403,Gorenjska,Moški,2018,2 Delovno aktivno prebivalstvo po prebivališču - SKUPAJ
49717,Gorenjska,Moški,2019,2 Delovno aktivno prebivalstvo po prebivališču - SKUPAJ
49664,Gorenjska,Moški,2020,2 Delovno aktivno prebivalstvo po prebivališču - SKUPAJ
"""..""",Gorenjska,Ženske,2005,2 Delovno aktivno prebivalstvo po prebivališču - SKUPAJ
"""..""",Gorenjska,Ženske,2006,2 Delovno aktivno prebivalstvo po prebivališču - SKUPAJ
"""..""",Gorenjska,Ženske,2007,2 Delovno aktivno prebivalstvo po prebivališču - SKUPAJ
"""..""",Gorenjska,Ženske,2008,2 Delovno aktivno prebivalstvo po prebivališču - SKUPAJ
"""..""",Gorenjska,Ženske,2009,2 Delovno aktivno prebivalstvo po prebivališču - SKUPAJ
37155,Gorenjska,Ženske,2010,2 Delovno aktivno prebivalstvo po prebivališču - SKUPAJ
36944,Gorenjska,Ženske,2011,2 Delovno aktivno prebivalstvo po prebivališču - SKUPAJ
36890,Gorenjska,Ženske,2012,2 Delovno aktivno prebivalstvo po prebivališču - SKUPAJ
36526,Gorenjska,Ženske,2013,2 Delovno aktivno prebivalstvo po prebivališču - SKUPAJ
36728,Gorenjska,Ženske,2014,2 Delovno aktivno prebivalstvo po prebivališču - SKUPAJ
37414,Gorenjska,Ženske,2015,2 Delovno aktivno prebivalstvo po prebivališču - SKUPAJ
38459,Gorenjska,Ženske,2016,2 Delovno aktivno prebivalstvo po prebivališču - SKUPAJ
39690,Gorenjska,Ženske,2017,2 Delovno aktivno prebivalstvo po prebivališču - SKUPAJ
40730,Gorenjska,Ženske,2018,2 Delovno aktivno prebivalstvo po prebivališču - SKUPAJ
41342,Gorenjska,Ženske,2019,2 Delovno aktivno prebivalstvo po prebivališču - SKUPAJ
41140,Gorenjska,Ženske,2020,2 Delovno aktivno prebivalstvo po prebivališču - SKUPAJ
48838,Goriška,Spol - SKUPAJ,2005,2 Delovno aktivno prebivalstvo po prebivališču - SKUPAJ
49379,Goriška,Spol - SKUPAJ,2006,2 Delovno aktivno prebivalstvo po prebivališču - SKUPAJ
50828,Goriška,Spol - SKUPAJ,2007,2 Delovno aktivno prebivalstvo po prebivališču - SKUPAJ
52185,Goriška,Spol - SKUPAJ,2008,2 Delovno aktivno prebivalstvo po prebivališču - SKUPAJ
50214,Goriška,Spol - SKUPAJ,2009,2 Delovno aktivno prebivalstvo po prebivališču - SKUPAJ
48377,Goriška,Spol - SKUPAJ,2010,2 Delovno aktivno prebivalstvo po prebivališču - SKUPAJ
47305,Goriška,Spol - SKUPAJ,2011,2 Delovno aktivno prebivalstvo po prebivališču - SKUPAJ
46345,Goriška,Spol - SKUPAJ,2012,2 Delovno aktivno prebivalstvo po prebivališču - SKUPAJ
45083,Goriška,Spol - SKUPAJ,2013,2 Delovno aktivno prebivalstvo po prebivališču - SKUPAJ
45173,Goriška,Spol - SKUPAJ,2014,2 Delovno aktivno prebivalstvo po prebivališču - SKUPAJ
45571,Goriška,Spol - SKUPAJ,2015,2 Delovno aktivno prebivalstvo po prebivališču - SKUPAJ
46335,Goriška,Spol - SKUPAJ,2016,2 Delovno aktivno prebivalstvo po prebivališču - SKUPAJ
47839,Goriška,Spol - SKUPAJ,2017,2 Delovno aktivno prebivalstvo po prebivališču - SKUPAJ
49283,Goriška,Spol - SKUPAJ,2018,2 Delovno aktivno prebivalstvo po prebivališču - SKUPAJ
50122,Goriška,Spol - SKUPAJ,2019,2 Delovno aktivno prebivalstvo po prebivališču - SKUPAJ
50161,Goriška,Spol - SKUPAJ,2020,2 Delovno aktivno prebivalstvo po prebivališču - SKUPAJ
"""..""",Goriška,Moški,2005,2 Delovno aktivno prebivalstvo po prebivališču - SKUPAJ
"""..""",Goriška,Moški,2006,2 Delovno aktivno prebivalstvo po prebivališču - SKUPAJ
"""..""",Goriška,Moški,2007,2 Delovno aktivno prebivalstvo po prebivališču - SKUPAJ
"""..""",Goriška,Moški,2008,2 Delovno aktivno prebivalstvo po prebivališču - SKUPAJ
"""..""",Goriška,Moški,2009,2 Delovno aktivno prebivalstvo po prebivališču - SKUPAJ
27319,Goriška,Moški,2010,2 Delovno aktivno prebivalstvo po prebivališču - SKUPAJ
26453,Goriška,Moški,2011,2 Delovno aktivno prebivalstvo po prebivališču - SKUPAJ
25686,Goriška,Moški,2012,2 Delovno aktivno prebivalstvo po prebivališču - SKUPAJ
24883,Goriška,Moški,2013,2 Delovno aktivno prebivalstvo po prebivališču - SKUPAJ
25127,Goriška,Moški,2014,2 Delovno aktivno prebivalstvo po prebivališču - SKUPAJ
25253,Goriška,Moški,2015,2 Delovno aktivno prebivalstvo po prebivališču - SKUPAJ
25504,Goriška,Moški,2016,2 Delovno aktivno prebivalstvo po prebivališču - SKUPAJ
26365,Goriška,Moški,2017,2 Delovno aktivno prebivalstvo po prebivališču - SKUPAJ
27242,Goriška,Moški,2018,2 Delovno aktivno prebivalstvo po prebivališču - SKUPAJ
27855,Goriška,Moški,2019,2 Delovno aktivno prebivalstvo po prebivališču - SKUPAJ
27856,Goriška,Moški,2020,2 Delovno aktivno prebivalstvo po prebivališču - SKUPAJ
"""..""",Goriška,Ženske,2005,2 Delovno aktivno prebivalstvo po prebivališču - SKUPAJ
"""..""",Goriška,Ženske,2006,2 Delovno aktivno prebivalstvo po prebivališču - SKUPAJ
"""..""",Goriška,Ženske,2007,2 Delovno aktivno prebivalstvo po prebivališču - SKUPAJ
"""..""",Goriška,Ženske,2008,2 Delovno aktivno prebivalstvo po prebivališču - SKUPAJ
"""..""",Goriška,Ženske,2009,2 Delovno aktivno prebivalstvo po prebivališču - SKUPAJ
21058,Goriška,Ženske,2010,2 Delovno aktivno prebivalstvo po prebivališču - SKUPAJ
20853,Goriška,Ženske,2011,2 Delovno aktivno prebivalstvo po prebivališču - SKUPAJ
20659,Goriška,Ženske,2012,2 Delovno aktivno prebivalstvo po prebivališču - SKUPAJ
20200,Goriška,Ženske,2013,2 Delovno aktivno prebivalstvo po prebivališču - SKUPAJ
20047,Goriška,Ženske,2014,2 Delovno aktivno prebivalstvo po prebivališču - SKUPAJ
20319,Goriška,Ženske,2015,2 Delovno aktivno prebivalstvo po prebivališču - SKUPAJ
20831,Goriška,Ženske,2016,2 Delovno aktivno prebivalstvo po prebivališču - SKUPAJ
21474,Goriška,Ženske,2017,2 Delovno aktivno prebivalstvo po prebivališču - SKUPAJ
22042,Goriška,Ženske,2018,2 Delovno aktivno prebivalstvo po prebivališču - SKUPAJ
22267,Goriška,Ženske,2019,2 Delovno aktivno prebivalstvo po prebivališču - SKUPAJ
22305,Goriška,Ženske,2020,2 Delovno aktivno prebivalstvo po prebivališču - SKUPAJ
44011,Obalno-kraška,Spol - SKUPAJ,2005,2 Delovno aktivno prebivalstvo po prebivališču - SKUPAJ
44946,Obalno-kraška,Spol - SKUPAJ,2006,2 Delovno aktivno prebivalstvo po prebivališču - SKUPAJ
46437,Obalno-kraška,Spol - SKUPAJ,2007,2 Delovno aktivno prebivalstvo po prebivališču - SKUPAJ
48107,Obalno-kraška,Spol - SKUPAJ,2008,2 Delovno aktivno prebivalstvo po prebivališču - SKUPAJ
47909,Obalno-kraška,Spol - SKUPAJ,2009,2 Delovno aktivno prebivalstvo po prebivališču - SKUPAJ
47215,Obalno-kraška,Spol - SKUPAJ,2010,2 Delovno aktivno prebivalstvo po prebivališču - SKUPAJ
46051,Obalno-kraška,Spol - SKUPAJ,2011,2 Delovno aktivno prebivalstvo po prebivališču - SKUPAJ
45150,Obalno-kraška,Spol - SKUPAJ,2012,2 Delovno aktivno prebivalstvo po prebivališču - SKUPAJ
43694,Obalno-kraška,Spol - SKUPAJ,2013,2 Delovno aktivno prebivalstvo po prebivališču - SKUPAJ
43886,Obalno-kraška,Spol - SKUPAJ,2014,2 Delovno aktivno prebivalstvo po prebivališču - SKUPAJ
44489,Obalno-kraška,Spol - SKUPAJ,2015,2 Delovno aktivno prebivalstvo po prebivališču - SKUPAJ
45523,Obalno-kraška,Spol - SKUPAJ,2016,2 Delovno aktivno prebivalstvo po prebivališču - SKUPAJ
47183,Obalno-kraška,Spol - SKUPAJ,2017,2 Delovno aktivno prebivalstvo po prebivališču - SKUPAJ
48754,Obalno-kraška,Spol - SKUPAJ,2018,2 Delovno aktivno prebivalstvo po prebivališču - SKUPAJ
49898,Obalno-kraška,Spol - SKUPAJ,2019,2 Delovno aktivno prebivalstvo po prebivališču - SKUPAJ
49150,Obalno-kraška,Spol - SKUPAJ,2020,2 Delovno aktivno prebivalstvo po prebivališču - SKUPAJ
"""..""",Obalno-kraška,Moški,2005,2 Delovno aktivno prebivalstvo po prebivališču - SKUPAJ
"""..""",Obalno-kraška,Moški,2006,2 Delovno aktivno prebivalstvo po prebivališču - SKUPAJ
"""..""",Obalno-kraška,Moški,2007,2 Delovno aktivno prebivalstvo po prebivališču - SKUPAJ
"""..""",Obalno-kraška,Moški,2008,2 Delovno aktivno prebivalstvo po prebivališču - SKUPAJ
"""..""",Obalno-kraška,Moški,2009,2 Delovno aktivno prebivalstvo po prebivališču - SKUPAJ
26894,Obalno-kraška,Moški,2010,2 Delovno aktivno prebivalstvo po prebivališču - SKUPAJ
25933,Obalno-kraška,Moški,2011,2 Delovno aktivno prebivalstvo po prebivališču - SKUPAJ
25261,Obalno-kraška,Moški,2012,2 Delovno aktivno prebivalstvo po prebivališču - SKUPAJ
24190,Obalno-kraška,Moški,2013,2 Delovno aktivno prebivalstvo po prebivališču - SKUPAJ
24394,Obalno-kraška,Moški,2014,2 Delovno aktivno prebivalstvo po prebivališču - SKUPAJ
24632,Obalno-kraška,Moški,2015,2 Delovno aktivno prebivalstvo po prebivališču - SKUPAJ
25101,Obalno-kraška,Moški,2016,2 Delovno aktivno prebivalstvo po prebivališču - SKUPAJ
25993,Obalno-kraška,Moški,2017,2 Delovno aktivno prebivalstvo po prebivališču - SKUPAJ
26831,Obalno-kraška,Moški,2018,2 Delovno aktivno prebivalstvo po prebivališču - SKUPAJ
27553,Obalno-kraška,Moški,2019,2 Delovno aktivno prebivalstvo po prebivališču - SKUPAJ
26999,Obalno-kraška,Moški,2020,2 Delovno aktivno prebivalstvo po prebivališču - SKUPAJ
"""..""",Obalno-kraška,Ženske,2005,2 Delovno aktivno prebivalstvo po prebivališču - SKUPAJ
"""..""",Obalno-kraška,Ženske,2006,2 Delovno aktivno prebivalstvo po prebivališču - SKUPAJ
"""..""",Obalno-kraška,Ženske,2007,2 Delovno aktivno prebivalstvo po prebivališču - SKUPAJ
"""..""",Obalno-kraška,Ženske,2008,2 Delovno aktivno prebivalstvo po prebivališču - SKUPAJ
"""..""",Obalno-kraška,Ženske,2009,2 Delovno aktivno prebivalstvo po prebivališču - SKUPAJ
20321,Obalno-kraška,Ženske,2010,2 Delovno aktivno prebivalstvo po prebivališču - SKUPAJ
20118,Obalno-kraška,Ženske,2011,2 Delovno aktivno prebivalstvo po prebivališču - SKUPAJ
19889,Obalno-kraška,Ženske,2012,2 Delovno aktivno prebivalstvo po prebivališču - SKUPAJ
19504,Obalno-kraška,Ženske,2013,2 Delovno aktivno prebivalstvo po prebivališču - SKUPAJ
19492,Obalno-kraška,Ženske,2014,2 Delovno aktivno prebivalstvo po prebivališču - SKUPAJ
19857,Obalno-kraška,Ženske,2015,2 Delovno aktivno prebivalstvo po prebivališču - SKUPAJ
20422,Obalno-kraška,Ženske,2016,2 Delovno aktivno prebivalstvo po prebivališču - SKUPAJ
21191,Obalno-kraška,Ženske,2017,2 Delovno aktivno prebivalstvo po prebivališču - SKUPAJ
21923,Obalno-kraška,Ženske,2018,2 Delovno aktivno prebivalstvo po prebivališču - SKUPAJ
22346,Obalno-kraška,Ženske,2019,2 Delovno aktivno prebivalstvo po prebivališču - SKUPAJ
22151,Obalno-kraška,Ženske,2020,2 Delovno aktivno prebivalstvo po prebivališču - SKUPAJ
